Forecast_From,Forecast_Time,Pollutant,Horizon,Model,Prediction
2026-09-21 17:00:00,2026-09-21 18:00:00,CO,1H,Ridge,528.2168563843704
2026-09-21 17:00:00,2026-09-21 19:00:00,CO,2H,Ridge,475.2933356803767
2026-09-21 17:00:00,2026-09-21 20:00:00,CO,3H,Ridge,409.55029375360505
2026-09-21 17:00:00,2026-09-21 21:00:00,CO,4H,Ridge,388.0070476895213
2026-09-21 17:00:00,2026-09-21 22:00:00,CO,5H,Ridge,385.91333537537236
2026-09-21 17:00:00,2026-09-21 23:00:00,CO,6H,Ridge,322.2428182835714
2026-09-21 17:00:00,2026-09-22 00:00:00,CO,7H,HistGradientBoosting,499.8368997362602
2026-09-21 17:00:00,2026-09-24 17:00:00,CO,72H,Random Forest,614.6191641047253
2026-09-21 17:00:00,2026-09-21 18:00:00,NO2,1H,HistGradientBoosting,9.604991675982424
2026-09-21 17:00:00,2026-09-21 19:00:00,NO2,2H,Random Forest,10.09887187240411
2026-09-21 17:00:00,2026-09-21 20:00:00,NO2,3H,Random Forest,11.059953682362496
2026-09-21 17:00:00,2026-09-21 21:00:00,NO2,4H,Random Forest,13.06490500385418
2026-09-21 17:00:00,2026-09-21 22:00:00,NO2,5H,Random Forest,13.656853252550825
2026-09-21 17:00:00,2026-09-21 23:00:00,NO2,6H,Random Forest,14.584111590178606
2026-09-21 17:00:00,2026-09-22 00:00:00,NO2,7H,Random Forest,17.421165568590375
2026-09-21 17:00:00,2026-09-24 17:00:00,NO2,72H,Random Forest,13.826290410086932
2026-09-21 17:00:00,2026-09-21 18:00:00,O3,1H,HistGradientBoosting,46.56615223696092
2026-09-21 17:00:00,2026-09-21 19:00:00,O3,2H,HistGradientBoosting,44.819247078588965
2026-09-21 17:00:00,2026-09-21 20:00:00,O3,3H,HistGradientBoosting,44.13067574841224
2026-09-21 17:00:00,2026-09-21 21:00:00,O3,4H,HistGradientBoosting,41.07523277982719
2026-09-21 17:00:00,2026-09-21 22:00:00,O3,5H,HistGradientBoosting,46.62041505332595
2026-09-21 17:00:00,2026-09-21 23:00:00,O3,6H,HistGradientBoosting,42.48161241419456
2026-09-21 17:00:00,2026-09-22 00:00:00,O3,7H,HistGradientBoosting,36.57945964686117
2026-09-21 17:00:00,2026-09-24 17:00:00,O3,72H,Random Forest,27.75758801106845
2026-09-21 17:00:00,2026-09-21 18:00:00,PM10,1H,Random Forest,87.88613709012581
2026-09-21 17:00:00,2026-09-21 19:00:00,PM10,2H,Random Forest,78.93326679546568
2026-09-21 17:00:00,2026-09-21 20:00:00,PM10,3H,Random Forest,75.23433535848048
2026-09-21 17:00:00,2026-09-21 21:00:00,PM10,4H,Random Forest,72.86676896731254
2026-09-21 17:00:00,2026-09-21 22:00:00,PM10,5H,Random Forest,71.97365422924562
2026-09-21 17:00:00,2026-09-21 23:00:00,PM10,6H,Random Forest,67.71746176780458
2026-09-21 17:00:00,2026-09-22 00:00:00,PM10,7H,Random Forest,68.84980349485936
2026-09-21 17:00:00,2026-09-24 17:00:00,PM10,72H,Random Forest,93.76352378252106
2026-09-21 17:00:00,2026-09-21 18:00:00,PM25,1H,Random Forest,48.3432993729718
2026-09-21 17:00:00,2026-09-21 19:00:00,PM25,2H,Random Forest,41.72681841291245
2026-09-21 17:00:00,2026-09-21 20:00:00,PM25,3H,Random Forest,40.17813504385868
2026-09-21 17:00:00,2026-09-21 21:00:00,PM25,4H,Random Forest,37.03204666542877
2026-09-21 17:00:00,2026-09-21 22:00:00,PM25,5H,Ridge,45.71502436780274
2026-09-21 17:00:00,2026-09-21 23:00:00,PM25,6H,Ridge,37.3670752235638
2026-09-21 17:00:00,2026-09-22 00:00:00,PM25,7H,Random Forest,36.4631575837053
2026-09-21 17:00:00,2026-09-24 17:00:00,PM25,72H,Random Forest,45.653446277753645
2026-09-21 17:00:00,2026-09-21 18:00:00,SO2,1H,Ridge,0.20786074984693137
2026-09-21 17:00:00,2026-09-21 19:00:00,SO2,2H,Random Forest,2.831468774284903
2026-09-21 17:00:00,2026-09-21 20:00:00,SO2,3H,Random Forest,3.0364438113234797
2026-09-21 17:00:00,2026-09-21 21:00:00,SO2,4H,Random Forest,2.7964923366457435
2026-09-21 17:00:00,2026-09-21 22:00:00,SO2,5H,Random Forest,2.064205374056772
2026-09-21 17:00:00,2026-09-21 23:00:00,SO2,6H,Random Forest,1.9946107017941204
2026-09-21 17:00:00,2026-09-22 00:00:00,SO2,7H,Random Forest,1.9085308289037577
2026-09-21 17:00:00,2026-09-24 17:00:00,SO2,72H,Random Forest,3.658230365240246
