forecast_origin,forecast_time,horizon_jam,sensor,lokasi,polutan,cara,konsentrasi_3jam
2026-09-21 08:00:00,2026-09-21 11:00:00,3,PH10P0001,Plaza Seremoni,PM25,koreksi,38.36833009025288
2026-09-21 08:00:00,2026-09-21 14:00:00,6,PH10P0001,Plaza Seremoni,PM25,koreksi,32.71648173843399
2026-09-21 08:00:00,2026-09-21 17:00:00,9,PH10P0001,Plaza Seremoni,PM25,koreksi,27.143907854077494
2026-09-21 08:00:00,2026-09-21 20:00:00,12,PH10P0001,Plaza Seremoni,PM25,koreksi,16.117637294772198
2026-09-21 08:00:00,2026-09-21 23:00:00,15,PH10P0001,Plaza Seremoni,PM25,koreksi,17.266052290113745
2026-09-21 08:00:00,2026-09-22 02:00:00,18,PH10P0001,Plaza Seremoni,PM25,koreksi,18.288327539749382
2026-09-21 08:00:00,2026-09-22 05:00:00,21,PH10P0001,Plaza Seremoni,PM25,koreksi,41.95200496593403
2026-09-21 08:00:00,2026-09-22 08:00:00,24,PH10P0001,Plaza Seremoni,PM25,koreksi,41.973516266081496
2026-09-21 08:00:00,2026-09-21 11:00:00,3,PH14P0002,Wonotirto,PM25,koreksi,91.7815971900974
2026-09-21 08:00:00,2026-09-21 14:00:00,6,PH14P0002,Wonotirto,PM25,koreksi,33.58254265119048
2026-09-21 08:00:00,2026-09-21 17:00:00,9,PH14P0002,Wonotirto,PM25,koreksi,45.40957368088023
2026-09-21 08:00:00,2026-09-21 20:00:00,12,PH14P0002,Wonotirto,PM25,koreksi,117.42154213059162
2026-09-21 08:00:00,2026-09-21 23:00:00,15,PH14P0002,Wonotirto,PM25,koreksi,79.6623218677309
2026-09-21 08:00:00,2026-09-22 02:00:00,18,PH14P0002,Wonotirto,PM25,koreksi,147.04455478694086
2026-09-21 08:00:00,2026-09-22 05:00:00,21,PH14P0002,Wonotirto,PM25,koreksi,139.46172456650436
2026-09-21 08:00:00,2026-09-22 08:00:00,24,PH14P0002,Wonotirto,PM25,koreksi,169.65892483475832
2026-09-21 08:00:00,2026-09-21 11:00:00,3,PH14P0003,Senipah,PM25,koreksi,57.98245363889694
2026-09-21 08:00:00,2026-09-21 14:00:00,6,PH14P0003,Senipah,PM25,koreksi,28.82229180651271
2026-09-21 08:00:00,2026-09-21 17:00:00,9,PH14P0003,Senipah,PM25,koreksi,24.685336930539187
2026-09-21 08:00:00,2026-09-21 20:00:00,12,PH14P0003,Senipah,PM25,koreksi,26.025932546011656
2026-09-21 08:00:00,2026-09-21 23:00:00,15,PH14P0003,Senipah,PM25,koreksi,52.79554378365026
2026-09-21 08:00:00,2026-09-22 02:00:00,18,PH14P0003,Senipah,PM25,koreksi,60.30282495040489
2026-09-21 08:00:00,2026-09-22 05:00:00,21,PH14P0003,Senipah,PM25,koreksi,54.24478526190563
2026-09-21 08:00:00,2026-09-22 08:00:00,24,PH14P0003,Senipah,PM25,koreksi,53.2924931946892
2026-09-21 08:00:00,2026-09-21 11:00:00,3,PH14P0004,Muara Jawa Tengah,PM25,koreksi,64.80884473721414
2026-09-21 08:00:00,2026-09-21 14:00:00,6,PH14P0004,Muara Jawa Tengah,PM25,koreksi,27.970057830038
2026-09-21 08:00:00,2026-09-21 17:00:00,9,PH14P0004,Muara Jawa Tengah,PM25,koreksi,31.27812427549394
2026-09-21 08:00:00,2026-09-21 20:00:00,12,PH14P0004,Muara Jawa Tengah,PM25,koreksi,49.74410478385779
2026-09-21 08:00:00,2026-09-21 23:00:00,15,PH14P0004,Muara Jawa Tengah,PM25,koreksi,55.28016331271365
2026-09-21 08:00:00,2026-09-22 02:00:00,18,PH14P0004,Muara Jawa Tengah,PM25,koreksi,113.6802310706918
2026-09-21 08:00:00,2026-09-22 05:00:00,21,PH14P0004,Muara Jawa Tengah,PM25,koreksi,160.27748582674548
2026-09-21 08:00:00,2026-09-22 08:00:00,24,PH14P0004,Muara Jawa Tengah,PM25,koreksi,128.78604214053036
2026-09-21 08:00:00,2026-09-21 11:00:00,3,PH20P0001,Plaza Bhineka,PM25,koreksi,57.23519660543744
2026-09-21 08:00:00,2026-09-21 14:00:00,6,PH20P0001,Plaza Bhineka,PM25,koreksi,54.071303244795985
2026-09-21 08:00:00,2026-09-21 17:00:00,9,PH20P0001,Plaza Bhineka,PM25,koreksi,49.24585405906784
2026-09-21 08:00:00,2026-09-21 20:00:00,12,PH20P0001,Plaza Bhineka,PM25,koreksi,34.92194489220858
2026-09-21 08:00:00,2026-09-21 23:00:00,15,PH20P0001,Plaza Bhineka,PM25,koreksi,27.40543770076712
2026-09-21 08:00:00,2026-09-22 02:00:00,18,PH20P0001,Plaza Bhineka,PM25,koreksi,27.730065799536895
2026-09-21 08:00:00,2026-09-22 05:00:00,21,PH20P0001,Plaza Bhineka,PM25,koreksi,44.685345964691884
2026-09-21 08:00:00,2026-09-22 08:00:00,24,PH20P0001,Plaza Bhineka,PM25,koreksi,60.14522506306835
2026-09-21 08:00:00,2026-09-21 11:00:00,3,PH10P0001,Plaza Seremoni,PM10,koreksi,69.74950609476632
2026-09-21 08:00:00,2026-09-21 14:00:00,6,PH10P0001,Plaza Seremoni,PM10,koreksi,66.9344915915728
2026-09-21 08:00:00,2026-09-21 17:00:00,9,PH10P0001,Plaza Seremoni,PM10,koreksi,51.46774136168664
2026-09-21 08:00:00,2026-09-21 20:00:00,12,PH10P0001,Plaza Seremoni,PM10,koreksi,30.38956453205736
2026-09-21 08:00:00,2026-09-21 23:00:00,15,PH10P0001,Plaza Seremoni,PM10,koreksi,29.387650908183844
2026-09-21 08:00:00,2026-09-22 02:00:00,18,PH10P0001,Plaza Seremoni,PM10,koreksi,33.28027556837944
2026-09-21 08:00:00,2026-09-22 05:00:00,21,PH10P0001,Plaza Seremoni,PM10,koreksi,71.8273355376109
2026-09-21 08:00:00,2026-09-22 08:00:00,24,PH10P0001,Plaza Seremoni,PM10,koreksi,75.79138964314615
2026-09-21 08:00:00,2026-09-21 11:00:00,3,PH14P0002,Wonotirto,PM10,koreksi,173.19547081658348
2026-09-21 08:00:00,2026-09-21 14:00:00,6,PH14P0002,Wonotirto,PM10,koreksi,76.82037053405074
2026-09-21 08:00:00,2026-09-21 17:00:00,9,PH14P0002,Wonotirto,PM10,koreksi,92.43766239173196
2026-09-21 08:00:00,2026-09-21 20:00:00,12,PH14P0002,Wonotirto,PM10,koreksi,214.5847306272422
2026-09-21 08:00:00,2026-09-21 23:00:00,15,PH14P0002,Wonotirto,PM10,koreksi,172.81582621909627
2026-09-21 08:00:00,2026-09-22 02:00:00,18,PH14P0002,Wonotirto,PM10,koreksi,162.58989600060926
2026-09-21 08:00:00,2026-09-22 05:00:00,21,PH14P0002,Wonotirto,PM10,koreksi,290.17598217013415
2026-09-21 08:00:00,2026-09-22 08:00:00,24,PH14P0002,Wonotirto,PM10,koreksi,313.4703289090827
2026-09-21 08:00:00,2026-09-21 11:00:00,3,PH14P0003,Senipah,PM10,koreksi,103.43233828031356
2026-09-21 08:00:00,2026-09-21 14:00:00,6,PH14P0003,Senipah,PM10,koreksi,53.46789361717689
2026-09-21 08:00:00,2026-09-21 17:00:00,9,PH14P0003,Senipah,PM10,koreksi,47.80860799532023
2026-09-21 08:00:00,2026-09-21 20:00:00,12,PH14P0003,Senipah,PM10,koreksi,50.396458738064105
2026-09-21 08:00:00,2026-09-21 23:00:00,15,PH14P0003,Senipah,PM10,koreksi,101.21549148841551
2026-09-21 08:00:00,2026-09-22 02:00:00,18,PH14P0003,Senipah,PM10,koreksi,122.9525892032321
2026-09-21 08:00:00,2026-09-22 05:00:00,21,PH14P0003,Senipah,PM10,koreksi,107.96043560537684
2026-09-21 08:00:00,2026-09-22 08:00:00,24,PH14P0003,Senipah,PM10,koreksi,108.5118509677285
2026-09-21 08:00:00,2026-09-21 11:00:00,3,PH14P0004,Muara Jawa Tengah,PM10,koreksi,113.84636739527419
2026-09-21 08:00:00,2026-09-21 14:00:00,6,PH14P0004,Muara Jawa Tengah,PM10,koreksi,57.16824228216092
2026-09-21 08:00:00,2026-09-21 17:00:00,9,PH14P0004,Muara Jawa Tengah,PM10,koreksi,54.176191842766976
2026-09-21 08:00:00,2026-09-21 20:00:00,12,PH14P0004,Muara Jawa Tengah,PM10,koreksi,84.9228523511544
2026-09-21 08:00:00,2026-09-21 23:00:00,15,PH14P0004,Muara Jawa Tengah,PM10,koreksi,85.16358945178574
2026-09-21 08:00:00,2026-09-22 02:00:00,18,PH14P0004,Muara Jawa Tengah,PM10,koreksi,170.01757566136365
2026-09-21 08:00:00,2026-09-22 05:00:00,21,PH14P0004,Muara Jawa Tengah,PM10,koreksi,271.97946508636375
2026-09-21 08:00:00,2026-09-22 08:00:00,24,PH14P0004,Muara Jawa Tengah,PM10,koreksi,237.12383838466815
2026-09-21 08:00:00,2026-09-21 11:00:00,3,PH20P0001,Plaza Bhineka,PM10,koreksi,104.36213832945126
2026-09-21 08:00:00,2026-09-21 14:00:00,6,PH20P0001,Plaza Bhineka,PM10,koreksi,101.30952062577137
2026-09-21 08:00:00,2026-09-21 17:00:00,9,PH20P0001,Plaza Bhineka,PM10,koreksi,90.60166462415673
2026-09-21 08:00:00,2026-09-21 20:00:00,12,PH20P0001,Plaza Bhineka,PM10,koreksi,70.47578753940628
2026-09-21 08:00:00,2026-09-21 23:00:00,15,PH20P0001,Plaza Bhineka,PM10,koreksi,65.80999174936264
2026-09-21 08:00:00,2026-09-22 02:00:00,18,PH20P0001,Plaza Bhineka,PM10,koreksi,57.80782252606731
2026-09-21 08:00:00,2026-09-22 05:00:00,21,PH20P0001,Plaza Bhineka,PM10,koreksi,79.3321492080124
2026-09-21 08:00:00,2026-09-22 08:00:00,24,PH20P0001,Plaza Bhineka,PM10,koreksi,103.85371366072481
2026-09-21 08:00:00,2026-09-21 11:00:00,3,PH10P0001,Plaza Seremoni,CO,koreksi,584.8902487109821
2026-09-21 08:00:00,2026-09-21 14:00:00,6,PH10P0001,Plaza Seremoni,CO,koreksi,511.38643950459544
2026-09-21 08:00:00,2026-09-21 17:00:00,9,PH10P0001,Plaza Seremoni,CO,koreksi,503.58083542720607
2026-09-21 08:00:00,2026-09-21 20:00:00,12,PH10P0001,Plaza Seremoni,CO,koreksi,494.0502060788961
2026-09-21 08:00:00,2026-09-21 23:00:00,15,PH10P0001,Plaza Seremoni,CO,koreksi,489.2791234503064
2026-09-21 08:00:00,2026-09-22 02:00:00,18,PH10P0001,Plaza Seremoni,CO,koreksi,440.57913307103775
2026-09-21 08:00:00,2026-09-22 05:00:00,21,PH10P0001,Plaza Seremoni,CO,koreksi,708.2199119774277
2026-09-21 08:00:00,2026-09-22 08:00:00,24,PH10P0001,Plaza Seremoni,CO,koreksi,758.6984012853048
2026-09-21 08:00:00,2026-09-21 11:00:00,3,PH14P0002,Wonotirto,CO,koreksi,802.8087404101917
2026-09-21 08:00:00,2026-09-21 14:00:00,6,PH14P0002,Wonotirto,CO,koreksi,477.0234852438316
2026-09-21 08:00:00,2026-09-21 17:00:00,9,PH14P0002,Wonotirto,CO,koreksi,486.75843796387136
2026-09-21 08:00:00,2026-09-21 20:00:00,12,PH14P0002,Wonotirto,CO,koreksi,1326.538215241667
2026-09-21 08:00:00,2026-09-21 23:00:00,15,PH14P0002,Wonotirto,CO,koreksi,889.537654370996
2026-09-21 08:00:00,2026-09-22 02:00:00,18,PH14P0002,Wonotirto,CO,koreksi,1673.2672439398088
2026-09-21 08:00:00,2026-09-22 05:00:00,21,PH14P0002,Wonotirto,CO,koreksi,1226.658277384975
2026-09-21 08:00:00,2026-09-22 08:00:00,24,PH14P0002,Wonotirto,CO,koreksi,1828.6527524371936
2026-09-21 08:00:00,2026-09-21 11:00:00,3,PH14P0003,Senipah,CO,koreksi,677.7556835351758
2026-09-21 08:00:00,2026-09-21 14:00:00,6,PH14P0003,Senipah,CO,koreksi,425.6278409385799
2026-09-21 08:00:00,2026-09-21 17:00:00,9,PH14P0003,Senipah,CO,koreksi,432.2835685133068
2026-09-21 08:00:00,2026-09-21 20:00:00,12,PH14P0003,Senipah,CO,koreksi,430.6768115187941
2026-09-21 08:00:00,2026-09-21 23:00:00,15,PH14P0003,Senipah,CO,koreksi,742.7103682366748
2026-09-21 08:00:00,2026-09-22 02:00:00,18,PH14P0003,Senipah,CO,koreksi,764.5459270840036
2026-09-21 08:00:00,2026-09-22 05:00:00,21,PH14P0003,Senipah,CO,koreksi,637.4211939403016
2026-09-21 08:00:00,2026-09-22 08:00:00,24,PH14P0003,Senipah,CO,koreksi,859.2926052822963
2026-09-21 08:00:00,2026-09-21 11:00:00,3,PH14P0004,Muara Jawa Tengah,CO,koreksi,738.45314835528
2026-09-21 08:00:00,2026-09-21 14:00:00,6,PH14P0004,Muara Jawa Tengah,CO,koreksi,350.3454436645677
2026-09-21 08:00:00,2026-09-21 17:00:00,9,PH14P0004,Muara Jawa Tengah,CO,koreksi,355.7110482220438
2026-09-21 08:00:00,2026-09-21 20:00:00,12,PH14P0004,Muara Jawa Tengah,CO,koreksi,395.34781970984994
2026-09-21 08:00:00,2026-09-21 23:00:00,15,PH14P0004,Muara Jawa Tengah,CO,koreksi,578.5240975635083
2026-09-21 08:00:00,2026-09-22 02:00:00,18,PH14P0004,Muara Jawa Tengah,CO,koreksi,1132.5791008340893
2026-09-21 08:00:00,2026-09-22 05:00:00,21,PH14P0004,Muara Jawa Tengah,CO,koreksi,1923.0644712323513
2026-09-21 08:00:00,2026-09-22 08:00:00,24,PH14P0004,Muara Jawa Tengah,CO,koreksi,2013.2891082350493
2026-09-21 08:00:00,2026-09-21 11:00:00,3,PH20P0001,Plaza Bhineka,CO,koreksi,648.8361744112636
2026-09-21 08:00:00,2026-09-21 14:00:00,6,PH20P0001,Plaza Bhineka,CO,koreksi,522.363142842435
2026-09-21 08:00:00,2026-09-21 17:00:00,9,PH20P0001,Plaza Bhineka,CO,koreksi,562.4005765963154
2026-09-21 08:00:00,2026-09-21 20:00:00,12,PH20P0001,Plaza Bhineka,CO,koreksi,565.6890871261078
2026-09-21 08:00:00,2026-09-21 23:00:00,15,PH20P0001,Plaza Bhineka,CO,koreksi,493.55969064201776
2026-09-21 08:00:00,2026-09-22 02:00:00,18,PH20P0001,Plaza Bhineka,CO,koreksi,455.35336969719845
2026-09-21 08:00:00,2026-09-22 05:00:00,21,PH20P0001,Plaza Bhineka,CO,koreksi,623.0739301422999
2026-09-21 08:00:00,2026-09-22 08:00:00,24,PH20P0001,Plaza Bhineka,CO,koreksi,875.3793088556863
2026-09-21 08:00:00,2026-09-21 11:00:00,3,PH10P0001,Plaza Seremoni,O3,langsung,3.14273197232906
2026-09-21 08:00:00,2026-09-21 14:00:00,6,PH10P0001,Plaza Seremoni,O3,langsung,7.988419953171833
2026-09-21 08:00:00,2026-09-21 17:00:00,9,PH10P0001,Plaza Seremoni,O3,langsung,13.680384523042243
2026-09-21 08:00:00,2026-09-21 20:00:00,12,PH10P0001,Plaza Seremoni,O3,langsung,11.532381672012708
2026-09-21 08:00:00,2026-09-21 23:00:00,15,PH10P0001,Plaza Seremoni,O3,langsung,4.238743820639084
2026-09-21 08:00:00,2026-09-22 02:00:00,18,PH10P0001,Plaza Seremoni,O3,langsung,2.799064070845821
2026-09-21 08:00:00,2026-09-22 05:00:00,21,PH10P0001,Plaza Seremoni,O3,langsung,2.767225360296647
2026-09-21 08:00:00,2026-09-22 08:00:00,24,PH10P0001,Plaza Seremoni,O3,langsung,2.5813771586940844
2026-09-21 08:00:00,2026-09-21 11:00:00,3,PH14P0002,Wonotirto,O3,langsung,32.725249400126266
2026-09-21 08:00:00,2026-09-21 14:00:00,6,PH14P0002,Wonotirto,O3,langsung,51.54072269915227
2026-09-21 08:00:00,2026-09-21 17:00:00,9,PH14P0002,Wonotirto,O3,langsung,35.97861115854978
2026-09-21 08:00:00,2026-09-21 20:00:00,12,PH14P0002,Wonotirto,O3,langsung,13.570640872835495
2026-09-21 08:00:00,2026-09-21 23:00:00,15,PH14P0002,Wonotirto,O3,langsung,2.3109240003968265
2026-09-21 08:00:00,2026-09-22 02:00:00,18,PH14P0002,Wonotirto,O3,langsung,2.1152752616522377
2026-09-21 08:00:00,2026-09-22 05:00:00,21,PH14P0002,Wonotirto,O3,langsung,1.5038276200937954
2026-09-21 08:00:00,2026-09-22 08:00:00,24,PH14P0002,Wonotirto,O3,langsung,0.9716158525432899
2026-09-21 08:00:00,2026-09-21 11:00:00,3,PH14P0003,Senipah,O3,langsung,46.904221828679695
2026-09-21 08:00:00,2026-09-21 14:00:00,6,PH14P0003,Senipah,O3,langsung,63.59436080670989
2026-09-21 08:00:00,2026-09-21 17:00:00,9,PH14P0003,Senipah,O3,langsung,66.62812220137084
2026-09-21 08:00:00,2026-09-21 20:00:00,12,PH14P0003,Senipah,O3,langsung,63.26557241167026
2026-09-21 08:00:00,2026-09-21 23:00:00,15,PH14P0003,Senipah,O3,langsung,52.981887563167376
2026-09-21 08:00:00,2026-09-22 02:00:00,18,PH14P0003,Senipah,O3,langsung,44.36312444372295
2026-09-21 08:00:00,2026-09-22 05:00:00,21,PH14P0003,Senipah,O3,langsung,40.07356630882036
2026-09-21 08:00:00,2026-09-22 08:00:00,24,PH14P0003,Senipah,O3,langsung,36.181845050703444
2026-09-21 08:00:00,2026-09-21 11:00:00,3,PH14P0004,Muara Jawa Tengah,O3,langsung,6.351741258134925
2026-09-21 08:00:00,2026-09-21 14:00:00,6,PH14P0004,Muara Jawa Tengah,O3,langsung,19.480935927407316
2026-09-21 08:00:00,2026-09-21 17:00:00,9,PH14P0004,Muara Jawa Tengah,O3,langsung,18.51786819963092
2026-09-21 08:00:00,2026-09-21 20:00:00,12,PH14P0004,Muara Jawa Tengah,O3,langsung,5.239620186822899
2026-09-21 08:00:00,2026-09-21 23:00:00,15,PH14P0004,Muara Jawa Tengah,O3,langsung,0.6782672572871572
2026-09-21 08:00:00,2026-09-22 02:00:00,18,PH14P0004,Muara Jawa Tengah,O3,langsung,1.0900292656246526
2026-09-21 08:00:00,2026-09-22 05:00:00,21,PH14P0004,Muara Jawa Tengah,O3,langsung,0.46050685844433326
2026-09-21 08:00:00,2026-09-22 08:00:00,24,PH14P0004,Muara Jawa Tengah,O3,langsung,0.17899997698412703
2026-09-21 08:00:00,2026-09-21 11:00:00,3,PH20P0001,Plaza Bhineka,O3,langsung,47.71237600786436
2026-09-21 08:00:00,2026-09-21 14:00:00,6,PH20P0001,Plaza Bhineka,O3,langsung,75.74041086336578
2026-09-21 08:00:00,2026-09-21 17:00:00,9,PH20P0001,Plaza Bhineka,O3,langsung,69.57028088172797
2026-09-21 08:00:00,2026-09-21 20:00:00,12,PH20P0001,Plaza Bhineka,O3,langsung,43.686955015800876
2026-09-21 08:00:00,2026-09-21 23:00:00,15,PH20P0001,Plaza Bhineka,O3,langsung,30.43693285952382
2026-09-21 08:00:00,2026-09-22 02:00:00,18,PH20P0001,Plaza Bhineka,O3,langsung,28.383778001046156
2026-09-21 08:00:00,2026-09-22 05:00:00,21,PH20P0001,Plaza Bhineka,O3,langsung,21.988735053805918
2026-09-21 08:00:00,2026-09-22 08:00:00,24,PH20P0001,Plaza Bhineka,O3,langsung,20.329353863979087
2026-09-21 08:00:00,2026-09-21 11:00:00,3,PH10P0001,Plaza Seremoni,SO2,langsung,5.302353123501908
2026-09-21 08:00:00,2026-09-21 14:00:00,6,PH10P0001,Plaza Seremoni,SO2,langsung,4.831937423127247
2026-09-21 08:00:00,2026-09-21 17:00:00,9,PH10P0001,Plaza Seremoni,SO2,langsung,4.752281596994882
2026-09-21 08:00:00,2026-09-21 20:00:00,12,PH10P0001,Plaza Seremoni,SO2,langsung,5.588033214577759
2026-09-21 08:00:00,2026-09-21 23:00:00,15,PH10P0001,Plaza Seremoni,SO2,langsung,6.086543742188809
2026-09-21 08:00:00,2026-09-22 02:00:00,18,PH10P0001,Plaza Seremoni,SO2,langsung,5.890070922700238
2026-09-21 08:00:00,2026-09-22 05:00:00,21,PH10P0001,Plaza Seremoni,SO2,langsung,6.424196367458422
2026-09-21 08:00:00,2026-09-22 08:00:00,24,PH10P0001,Plaza Seremoni,SO2,langsung,6.7869031086245135
2026-09-21 08:00:00,2026-09-21 11:00:00,3,PH14P0002,Wonotirto,SO2,langsung,2.292294274637274
2026-09-21 08:00:00,2026-09-21 14:00:00,6,PH14P0002,Wonotirto,SO2,langsung,1.2000507390478838
2026-09-21 08:00:00,2026-09-21 17:00:00,9,PH14P0002,Wonotirto,SO2,langsung,1.0394494830258676
2026-09-21 08:00:00,2026-09-21 20:00:00,12,PH14P0002,Wonotirto,SO2,langsung,1.5032616859415473
2026-09-21 08:00:00,2026-09-21 23:00:00,15,PH14P0002,Wonotirto,SO2,langsung,4.304509060244183
2026-09-21 08:00:00,2026-09-22 02:00:00,18,PH14P0002,Wonotirto,SO2,langsung,6.293179511616635
2026-09-21 08:00:00,2026-09-22 05:00:00,21,PH14P0002,Wonotirto,SO2,langsung,6.902362331418086
2026-09-21 08:00:00,2026-09-22 08:00:00,24,PH14P0002,Wonotirto,SO2,langsung,5.17522314021308
2026-09-21 08:00:00,2026-09-21 11:00:00,3,PH14P0003,Senipah,SO2,langsung,0.014960607966491141
2026-09-21 08:00:00,2026-09-21 14:00:00,6,PH14P0003,Senipah,SO2,langsung,0.02647866515071868
2026-09-21 08:00:00,2026-09-21 17:00:00,9,PH14P0003,Senipah,SO2,langsung,0.010480476323595554
2026-09-21 08:00:00,2026-09-21 20:00:00,12,PH14P0003,Senipah,SO2,langsung,0.0023688581262535546
2026-09-21 08:00:00,2026-09-21 23:00:00,15,PH14P0003,Senipah,SO2,langsung,0.0012232339224472351
2026-09-21 08:00:00,2026-09-22 02:00:00,18,PH14P0003,Senipah,SO2,langsung,0.005372903024240874
2026-09-21 08:00:00,2026-09-22 05:00:00,21,PH14P0003,Senipah,SO2,langsung,0.019249959066601586
2026-09-21 08:00:00,2026-09-22 08:00:00,24,PH14P0003,Senipah,SO2,langsung,0.030019115987750172
2026-09-21 08:00:00,2026-09-21 11:00:00,3,PH14P0004,Muara Jawa Tengah,SO2,langsung,3.0813298761867753
2026-09-21 08:00:00,2026-09-21 14:00:00,6,PH14P0004,Muara Jawa Tengah,SO2,langsung,1.0808490190590592
2026-09-21 08:00:00,2026-09-21 17:00:00,9,PH14P0004,Muara Jawa Tengah,SO2,langsung,0.5237258624468967
2026-09-21 08:00:00,2026-09-21 20:00:00,12,PH14P0004,Muara Jawa Tengah,SO2,langsung,0.7963014351498714
2026-09-21 08:00:00,2026-09-21 23:00:00,15,PH14P0004,Muara Jawa Tengah,SO2,langsung,3.5642961823234525
2026-09-21 08:00:00,2026-09-22 02:00:00,18,PH14P0004,Muara Jawa Tengah,SO2,langsung,6.74038779746445
2026-09-21 08:00:00,2026-09-22 05:00:00,21,PH14P0004,Muara Jawa Tengah,SO2,langsung,8.347963600665105
2026-09-21 08:00:00,2026-09-22 08:00:00,24,PH14P0004,Muara Jawa Tengah,SO2,langsung,5.718768042003705
2026-09-21 08:00:00,2026-09-21 11:00:00,3,PH20P0001,Plaza Bhineka,SO2,langsung,4.115856879005979
2026-09-21 08:00:00,2026-09-21 14:00:00,6,PH20P0001,Plaza Bhineka,SO2,langsung,3.9403707821426304
2026-09-21 08:00:00,2026-09-21 17:00:00,9,PH20P0001,Plaza Bhineka,SO2,langsung,3.914910568524801
2026-09-21 08:00:00,2026-09-21 20:00:00,12,PH20P0001,Plaza Bhineka,SO2,langsung,4.262658550736024
2026-09-21 08:00:00,2026-09-21 23:00:00,15,PH20P0001,Plaza Bhineka,SO2,langsung,4.032146266575191
2026-09-21 08:00:00,2026-09-22 02:00:00,18,PH20P0001,Plaza Bhineka,SO2,langsung,4.017927788575127
2026-09-21 08:00:00,2026-09-22 05:00:00,21,PH20P0001,Plaza Bhineka,SO2,langsung,4.441960931108772
2026-09-21 08:00:00,2026-09-22 08:00:00,24,PH20P0001,Plaza Bhineka,SO2,langsung,4.07885021063558
2026-09-21 08:00:00,2026-09-21 11:00:00,3,PH10P0001,Plaza Seremoni,NO2,langsung,41.52637722859766
2026-09-21 08:00:00,2026-09-21 14:00:00,6,PH10P0001,Plaza Seremoni,NO2,langsung,45.06588151864585
2026-09-21 08:00:00,2026-09-21 17:00:00,9,PH10P0001,Plaza Seremoni,NO2,langsung,49.37923379147835
2026-09-21 08:00:00,2026-09-21 20:00:00,12,PH10P0001,Plaza Seremoni,NO2,langsung,56.48175390220367
2026-09-21 08:00:00,2026-09-21 23:00:00,15,PH10P0001,Plaza Seremoni,NO2,langsung,61.78864657319981
2026-09-21 08:00:00,2026-09-22 02:00:00,18,PH10P0001,Plaza Seremoni,NO2,langsung,51.79069107771167
2026-09-21 08:00:00,2026-09-22 05:00:00,21,PH10P0001,Plaza Seremoni,NO2,langsung,44.334396664969354
2026-09-21 08:00:00,2026-09-22 08:00:00,24,PH10P0001,Plaza Seremoni,NO2,langsung,41.382832811978226
2026-09-21 08:00:00,2026-09-21 11:00:00,3,PH14P0002,Wonotirto,NO2,langsung,5.24961231884754
2026-09-21 08:00:00,2026-09-21 14:00:00,6,PH14P0002,Wonotirto,NO2,langsung,0.7548157650976134
2026-09-21 08:00:00,2026-09-21 17:00:00,9,PH14P0002,Wonotirto,NO2,langsung,3.7468217926131033
2026-09-21 08:00:00,2026-09-21 20:00:00,12,PH14P0002,Wonotirto,NO2,langsung,21.680272062305026
2026-09-21 08:00:00,2026-09-21 23:00:00,15,PH14P0002,Wonotirto,NO2,langsung,33.28383573801665
2026-09-21 08:00:00,2026-09-22 02:00:00,18,PH14P0002,Wonotirto,NO2,langsung,31.31763399526655
2026-09-21 08:00:00,2026-09-22 05:00:00,21,PH14P0002,Wonotirto,NO2,langsung,26.1662085799436
2026-09-21 08:00:00,2026-09-22 08:00:00,24,PH14P0002,Wonotirto,NO2,langsung,23.53669975882947
2026-09-21 08:00:00,2026-09-21 11:00:00,3,PH14P0003,Senipah,NO2,langsung,21.419350871336167
2026-09-21 08:00:00,2026-09-21 14:00:00,6,PH14P0003,Senipah,NO2,langsung,7.403907359668572
2026-09-21 08:00:00,2026-09-21 17:00:00,9,PH14P0003,Senipah,NO2,langsung,10.259560388985593
2026-09-21 08:00:00,2026-09-21 20:00:00,12,PH14P0003,Senipah,NO2,langsung,32.858892084863406
2026-09-21 08:00:00,2026-09-21 23:00:00,15,PH14P0003,Senipah,NO2,langsung,42.30420896386684
2026-09-21 08:00:00,2026-09-22 02:00:00,18,PH14P0003,Senipah,NO2,langsung,40.6331791299057
2026-09-21 08:00:00,2026-09-22 05:00:00,21,PH14P0003,Senipah,NO2,langsung,41.52786704390283
2026-09-21 08:00:00,2026-09-22 08:00:00,24,PH14P0003,Senipah,NO2,langsung,41.32249742890368
2026-09-21 08:00:00,2026-09-21 11:00:00,3,PH14P0004,Muara Jawa Tengah,NO2,langsung,6.763891506794338
2026-09-21 08:00:00,2026-09-21 14:00:00,6,PH14P0004,Muara Jawa Tengah,NO2,langsung,1.024464504940318
2026-09-21 08:00:00,2026-09-21 17:00:00,9,PH14P0004,Muara Jawa Tengah,NO2,langsung,3.1275537352012024
2026-09-21 08:00:00,2026-09-21 20:00:00,12,PH14P0004,Muara Jawa Tengah,NO2,langsung,17.97561236448395
2026-09-21 08:00:00,2026-09-21 23:00:00,15,PH14P0004,Muara Jawa Tengah,NO2,langsung,22.970427291415618
2026-09-21 08:00:00,2026-09-22 02:00:00,18,PH14P0004,Muara Jawa Tengah,NO2,langsung,21.499742972240853
2026-09-21 08:00:00,2026-09-22 05:00:00,21,PH14P0004,Muara Jawa Tengah,NO2,langsung,20.55287912773265
2026-09-21 08:00:00,2026-09-22 08:00:00,24,PH14P0004,Muara Jawa Tengah,NO2,langsung,22.401677588875355
2026-09-21 08:00:00,2026-09-21 11:00:00,3,PH20P0001,Plaza Bhineka,NO2,langsung,0.20147290772490187
2026-09-21 08:00:00,2026-09-21 14:00:00,6,PH20P0001,Plaza Bhineka,NO2,langsung,0.4835380438434903
2026-09-21 08:00:00,2026-09-21 17:00:00,9,PH20P0001,Plaza Bhineka,NO2,langsung,5.947342810908841
2026-09-21 08:00:00,2026-09-21 20:00:00,12,PH20P0001,Plaza Bhineka,NO2,langsung,18.223192862750736
2026-09-21 08:00:00,2026-09-21 23:00:00,15,PH20P0001,Plaza Bhineka,NO2,langsung,14.115193679177795
2026-09-21 08:00:00,2026-09-22 02:00:00,18,PH20P0001,Plaza Bhineka,NO2,langsung,6.7390593167380635
2026-09-21 08:00:00,2026-09-22 05:00:00,21,PH20P0001,Plaza Bhineka,NO2,langsung,2.255373021346859
2026-09-21 08:00:00,2026-09-22 08:00:00,24,PH20P0001,Plaza Bhineka,NO2,langsung,1.1260300048812
