forecast_origin,forecast_time,horizon_jam,sensor,lokasi,ISPU,kategori,polutan_dominan,ISPU_PM25,ISPU_PM10,ISPU_CO,ISPU_O3,ISPU_SO2,ISPU_NO2,ISPU_HC
2026-09-21 08:00:00,2026-09-21 11:00:00,3,PH10P0001,Plaza Seremoni,67,Sedang,PM25,67.3,51.7,6.9,3.0,6.8,30.6,36.1
2026-09-21 08:00:00,2026-09-21 14:00:00,6,PH10P0001,Plaza Seremoni,68,Sedang,PM25,68.3,53.0,7.0,3.1,6.9,30.6,35.9
2026-09-21 08:00:00,2026-09-21 17:00:00,9,PH10P0001,Plaza Seremoni,69,Sedang,PM25,68.6,53.4,7.0,2.8,7.0,31.4,35.7
2026-09-21 08:00:00,2026-09-21 20:00:00,12,PH10P0001,Plaza Seremoni,69,Sedang,PM25,68.7,53.5,7.0,2.5,6.6,31.4,35.8
2026-09-21 08:00:00,2026-09-21 23:00:00,15,PH10P0001,Plaza Seremoni,69,Sedang,PM25,69.1,53.5,7.0,2.6,6.0,31.3,35.9
2026-09-21 08:00:00,2026-09-22 02:00:00,18,PH10P0001,Plaza Seremoni,69,Sedang,PM25,69.4,53.5,7.0,2.6,6.2,31.0,36.0
2026-09-21 08:00:00,2026-09-22 05:00:00,21,PH10P0001,Plaza Seremoni,69,Sedang,PM25,68.9,53.0,7.1,2.6,6.0,30.9,36.1
2026-09-21 08:00:00,2026-09-22 08:00:00,24,PH10P0001,Plaza Seremoni,67,Sedang,PM25,67.2,51.8,7.0,2.5,5.5,30.6,36.2
2026-09-21 08:00:00,2026-09-21 11:00:00,3,PH14P0002,Wonotirto,172,Tidak Sehat,PM25,172.3,130.1,15.6,7.3,2.4,12.9,0.0
2026-09-21 08:00:00,2026-09-21 14:00:00,6,PH14P0002,Wonotirto,172,Tidak Sehat,PM25,171.5,130.9,15.6,6.9,2.5,13.0,0.0
2026-09-21 08:00:00,2026-09-21 17:00:00,9,PH14P0002,Wonotirto,170,Tidak Sehat,PM25,170.5,131.3,15.5,6.7,2.6,13.1,0.0
2026-09-21 08:00:00,2026-09-21 20:00:00,12,PH14P0002,Wonotirto,169,Tidak Sehat,PM25,168.6,129.7,15.4,7.0,2.6,12.8,0.0
2026-09-21 08:00:00,2026-09-21 23:00:00,15,PH14P0002,Wonotirto,165,Tidak Sehat,PM25,165.1,128.6,15.1,7.1,3.1,11.8,0.0
2026-09-21 08:00:00,2026-09-22 02:00:00,18,PH14P0002,Wonotirto,158,Tidak Sehat,PM25,157.8,123.3,13.9,7.2,2.0,12.1,0.0
2026-09-21 08:00:00,2026-09-22 05:00:00,21,PH14P0002,Wonotirto,153,Tidak Sehat,PM25,152.8,120.9,13.5,7.3,2.8,12.0,0.0
2026-09-21 08:00:00,2026-09-22 08:00:00,24,PH14P0002,Wonotirto,150,Tidak Sehat,PM25,150.1,118.5,13.6,7.3,3.5,11.4,0.0
2026-09-21 08:00:00,2026-09-21 11:00:00,3,PH14P0003,Senipah,93,Sedang,PM25,92.8,73.5,7.6,19.4,0.0,17.6,1.5
2026-09-21 08:00:00,2026-09-21 14:00:00,6,PH14P0003,Senipah,94,Sedang,PM25,93.5,73.8,7.6,19.3,0.0,18.1,1.6
2026-09-21 08:00:00,2026-09-21 17:00:00,9,PH14P0003,Senipah,93,Sedang,PM25,93.5,73.7,7.7,19.5,0.0,18.3,1.5
2026-09-21 08:00:00,2026-09-21 20:00:00,12,PH14P0003,Senipah,93,Sedang,PM25,93.3,73.4,7.7,19.3,0.0,18.4,1.6
2026-09-21 08:00:00,2026-09-21 23:00:00,15,PH14P0003,Senipah,92,Sedang,PM25,92.2,72.6,7.7,19.7,0.0,18.4,1.3
2026-09-21 08:00:00,2026-09-22 02:00:00,18,PH14P0003,Senipah,91,Sedang,PM25,90.9,71.8,7.8,20.4,0.0,18.5,1.2
2026-09-21 08:00:00,2026-09-22 05:00:00,21,PH14P0003,Senipah,90,Sedang,PM25,89.6,70.6,7.9,21.0,0.0,18.9,1.4
2026-09-21 08:00:00,2026-09-22 08:00:00,24,PH14P0003,Senipah,87,Sedang,PM25,86.7,68.5,7.8,21.6,0.0,18.6,1.4
2026-09-21 08:00:00,2026-09-21 11:00:00,3,PH14P0004,Muara Jawa Tengah,126,Tidak Sehat,PM25,126.0,101.5,11.9,2.8,0.7,10.2,0.0
2026-09-21 08:00:00,2026-09-21 14:00:00,6,PH14P0004,Muara Jawa Tengah,127,Tidak Sehat,PM25,126.6,102.2,12.0,2.7,0.9,10.2,0.0
2026-09-21 08:00:00,2026-09-21 17:00:00,9,PH14P0004,Muara Jawa Tengah,128,Tidak Sehat,PM25,127.6,102.5,12.1,2.5,0.9,10.4,0.0
2026-09-21 08:00:00,2026-09-21 20:00:00,12,PH14P0004,Muara Jawa Tengah,129,Tidak Sehat,PM25,128.7,102.7,12.1,2.6,1.0,10.2,0.0
2026-09-21 08:00:00,2026-09-21 23:00:00,15,PH14P0004,Muara Jawa Tengah,131,Tidak Sehat,PM25,131.1,102.8,12.4,2.6,1.5,10.0,0.0
2026-09-21 08:00:00,2026-09-22 02:00:00,18,PH14P0004,Muara Jawa Tengah,135,Tidak Sehat,PM25,134.6,102.4,13.0,2.7,2.2,10.0,0.0
2026-09-21 08:00:00,2026-09-22 05:00:00,21,PH14P0004,Muara Jawa Tengah,131,Tidak Sehat,PM25,130.6,97.3,12.3,2.7,3.2,9.6,0.0
2026-09-21 08:00:00,2026-09-22 08:00:00,24,PH14P0004,Muara Jawa Tengah,125,Tidak Sehat,PM25,124.8,92.1,11.7,2.7,3.6,9.1,0.0
2026-09-21 08:00:00,2026-09-21 11:00:00,3,PH20P0001,Plaza Bhineka,86,Sedang,PM25,85.7,67.1,7.3,19.6,3.8,5.6,0.0
2026-09-21 08:00:00,2026-09-21 14:00:00,6,PH20P0001,Plaza Bhineka,87,Sedang,PM25,87.2,68.2,7.4,18.5,3.8,5.7,0.0
2026-09-21 08:00:00,2026-09-21 17:00:00,9,PH20P0001,Plaza Bhineka,88,Sedang,PM25,88.0,68.7,7.4,16.4,3.8,6.1,0.0
2026-09-21 08:00:00,2026-09-21 20:00:00,12,PH20P0001,Plaza Bhineka,88,Sedang,PM25,88.1,68.7,7.4,16.0,3.8,5.6,0.0
2026-09-21 08:00:00,2026-09-21 23:00:00,15,PH20P0001,Plaza Bhineka,88,Sedang,PM25,88.4,68.9,7.4,16.1,3.8,5.3,0.0
2026-09-21 08:00:00,2026-09-22 02:00:00,18,PH20P0001,Plaza Bhineka,89,Sedang,PM25,88.8,69.1,7.5,16.5,3.9,4.4,0.0
2026-09-21 08:00:00,2026-09-22 05:00:00,21,PH20P0001,Plaza Bhineka,89,Sedang,PM25,88.6,68.7,7.5,17.1,3.9,4.2,0.0
2026-09-21 08:00:00,2026-09-22 08:00:00,24,PH20P0001,Plaza Bhineka,86,Sedang,PM25,86.3,67.1,7.4,17.6,3.9,3.8,0.0
